division,post_2021,pre_2020,pct_change
D11,8090,4019,101.29385419258523
NSA,19499.25,11820.166666666666,64.9659480266776
D14,12837.75,8197.5,56.605672461116185
D42,11339.25,8073,40.45893719806764
D41,9821.75,7253.5,35.407044874887994
D23,10001.5,7734.833333333333,29.304660733909383
D55,11494,8996.5,27.76079586505864
D22,8691,7001.666666666667,24.127588669364442
D12,6215,5155.5,20.550868005043156
D32,8408,7133.833333333333,17.86089760063547
D43,8189,6955.5,17.73416720580836
D51,8473.25,7206,17.58603941160144
D52,9683,8287,16.845661880053097
D33,7521.75,7625.833333333333,-1.3648781553928457
D53,7998.75,9667.833333333334,-17.264295688451405
D13,5113.75,7516.833333333333,-31.969357663909893
D31,5345.5,8051.833333333333,-33.61139285048953
